Domain Code,Domain,Area Code (FAO),Area,Element Code,Element,Item Code,Item,Year Code,Year,Unit,Value,Flag,Flag Description
"EF","Fertilizers indicators","5815","Low Income Food Deficit Countries","5159","Use per area of cropland","3102","Nutrient nitrogen N (total)","1961","1961","kg/ha","1.34","Fc","Calculated data"
"EF","Fertilizers indicators","5815","Low Income Food Deficit Countries","5159","Use per area of cropland","3102","Nutrient nitrogen N (total)","1962","1962","kg/ha","1.62","Fc","Calculated data"
"EF","Fertilizers indicators","5815","Low Income Food Deficit Countries","5159","Use per area of cropland","3102","Nutrient nitrogen N (total)","1963","1963","kg/ha","1.88","Fc","Calculated data"
"EF","Fertilizers indicators","5815","Low Income Food Deficit Countries","5159","Use per area of cropland","3102","Nutrient nitrogen N (total)","1964","1964","kg/ha","2.52","Fc","Calculated data"
"EF","Fertilizers indicators","5815","Low Income Food Deficit Countries","5159","Use per area of cropland","3102","Nutrient nitrogen N (total)","1965","1965","kg/ha","2.67","Fc","Calculated data"
"EF","Fertilizers indicators","5815","Low Income Food Deficit Countries","5159","Use per area of cropland","3102","Nutrient nitrogen N (total)","1966","1966","kg/ha","3.29","Fc","Calculated data"
"EF","Fertilizers indicators","5815","Low Income Food Deficit Countries","5159","Use per area of cropland","3102","Nutrient nitrogen N (total)","1967","1967","kg/ha","4.64","Fc","Calculated data"
"EF","Fertilizers indicators","5815","Low Income Food Deficit Countries","5159","Use per area of cropland","3102","Nutrient nitrogen N (total)","1968","1968","kg/ha","5.31","Fc","Calculated data"
"EF","Fertilizers indicators","5815","Low Income Food Deficit Countries","5159","Use per area of cropland","3102","Nutrient nitrogen N (total)","1969","1969","kg/ha","6.11","Fc","Calculated data"
"EF","Fertilizers indicators","5815","Low Income Food Deficit Countries","5159","Use per area of cropland","3102","Nutrient nitrogen N (total)","1970","1970","kg/ha","6.63","Fc","Calculated data"
"EF","Fertilizers indicators","5815","Low Income Food Deficit Countries","5159","Use per area of cropland","3102","Nutrient nitrogen N (total)","1971","1971","kg/ha","7.6","Fc","Calculated data"
"EF","Fertilizers indicators","5815","Low Income Food Deficit Countries","5159","Use per area of cropland","3102","Nutrient nitrogen N (total)","1972","1972","kg/ha","8","Fc","Calculated data"
"EF","Fertilizers indicators","5815","Low Income Food Deficit Countries","5159","Use per area of cropland","3102","Nutrient nitrogen N (total)","1973","1973","kg/ha","7.97","Fc","Calculated data"
"EF","Fertilizers indicators","5815","Low Income Food Deficit Countries","5159","Use per area of cropland","3102","Nutrient nitrogen N (total)","1974","1974","kg/ha","7.57","Fc","Calculated data"
"EF","Fertilizers indicators","5815","Low Income Food Deficit Countries","5159","Use per area of cropland","3102","Nutrient nitrogen N (total)","1975","1975","kg/ha","11.41","Fc","Calculated data"
"EF","Fertilizers indicators","5815","Low Income Food Deficit Countries","5159","Use per area of cropland","3102","Nutrient nitrogen N (total)","1976","1976","kg/ha","10.48","Fc","Calculated data"
"EF","Fertilizers indicators","5815","Low Income Food Deficit Countries","5159","Use per area of cropland","3102","Nutrient nitrogen N (total)","1977","1977","kg/ha","12.33","Fc","Calculated data"
"EF","Fertilizers indicators","5815","Low Income Food Deficit Countries","5159","Use per area of cropland","3102","Nutrient nitrogen N (total)","1978","1978","kg/ha","13.86","Fc","Calculated data"
"EF","Fertilizers indicators","5815","Low Income Food Deficit Countries","5159","Use per area of cropland","3102","Nutrient nitrogen N (total)","1979","1979","kg/ha","13.94","Fc","Calculated data"
"EF","Fertilizers indicators","5815","Low Income Food Deficit Countries","5159","Use per area of cropland","3102","Nutrient nitrogen N (total)","1980","1980","kg/ha","14.64","Fc","Calculated data"
"EF","Fertilizers indicators","5815","Low Income Food Deficit Countries","5159","Use per area of cropland","3102","Nutrient nitrogen N (total)","1981","1981","kg/ha","16.12","Fc","Calculated data"
"EF","Fertilizers indicators","5815","Low Income Food Deficit Countries","5159","Use per area of cropland","3102","Nutrient nitrogen N (total)","1982","1982","kg/ha","16.64","Fc","Calculated data"
"EF","Fertilizers indicators","5815","Low Income Food Deficit Countries","5159","Use per area of cropland","3102","Nutrient nitrogen N (total)","1983","1983","kg/ha","19.27","Fc","Calculated data"
"EF","Fertilizers indicators","5815","Low Income Food Deficit Countries","5159","Use per area of cropland","3102","Nutrient nitrogen N (total)","1984","1984","kg/ha","21.05","Fc","Calculated data"
"EF","Fertilizers indicators","5815","Low Income Food Deficit Countries","5159","Use per area of cropland","3102","Nutrient nitrogen N (total)","1985","1985","kg/ha","22.46","Fc","Calculated data"
"EF","Fertilizers indicators","5815","Low Income Food Deficit Countries","5159","Use per area of cropland","3102","Nutrient nitrogen N (total)","1986","1986","kg/ha","25.11","Fc","Calculated data"
"EF","Fertilizers indicators","5815","Low Income Food Deficit Countries","5159","Use per area of cropland","3102","Nutrient nitrogen N (total)","1987","1987","kg/ha","22.36","Fc","Calculated data"
"EF","Fertilizers indicators","5815","Low Income Food Deficit Countries","5159","Use per area of cropland","3102","Nutrient nitrogen N (total)","1988","1988","kg/ha","27.7","Fc","Calculated data"
"EF","Fertilizers indicators","5815","Low Income Food Deficit Countries","5159","Use per area of cropland","3102","Nutrient nitrogen N (total)","1989","1989","kg/ha","27.65","Fc","Calculated data"
"EF","Fertilizers indicators","5815","Low Income Food Deficit Countries","5159","Use per area of cropland","3102","Nutrient nitrogen N (total)","1990","1990","kg/ha","28.98","Fc","Calculated data"
"EF","Fertilizers indicators","5815","Low Income Food Deficit Countries","5159","Use per area of cropland","3102","Nutrient nitrogen N (total)","1991","1991","kg/ha","31.06","Fc","Calculated data"
"EF","Fertilizers indicators","5815","Low Income Food Deficit Countries","5159","Use per area of cropland","3102","Nutrient nitrogen N (total)","1992","1992","kg/ha","32.71","Fc","Calculated data"
"EF","Fertilizers indicators","5815","Low Income Food Deficit Countries","5159","Use per area of cropland","3102","Nutrient nitrogen N (total)","1993","1993","kg/ha","33.39","Fc","Calculated data"
"EF","Fertilizers indicators","5815","Low Income Food Deficit Countries","5159","Use per area of cropland","3102","Nutrient nitrogen N (total)","1994","1994","kg/ha","37.47","Fc","Calculated data"
"EF","Fertilizers indicators","5815","Low Income Food Deficit Countries","5159","Use per area of cropland","3102","Nutrient nitrogen N (total)","1995","1995","kg/ha","38.42","Fc","Calculated data"
"EF","Fertilizers indicators","5815","Low Income Food Deficit Countries","5159","Use per area of cropland","3102","Nutrient nitrogen N (total)","1996","1996","kg/ha","39.58","Fc","Calculated data"
"EF","Fertilizers indicators","5815","Low Income Food Deficit Countries","5159","Use per area of cropland","3102","Nutrient nitrogen N (total)","1997","1997","kg/ha","42.87","Fc","Calculated data"
"EF","Fertilizers indicators","5815","Low Income Food Deficit Countries","5159","Use per area of cropland","3102","Nutrient nitrogen N (total)","1998","1998","kg/ha","43.61","Fc","Calculated data"
"EF","Fertilizers indicators","5815","Low Income Food Deficit Countries","5159","Use per area of cropland","3102","Nutrient nitrogen N (total)","1999","1999","kg/ha","44.52","Fc","Calculated data"
"EF","Fertilizers indicators","5815","Low Income Food Deficit Countries","5159","Use per area of cropland","3102","Nutrient nitrogen N (total)","2000","2000","kg/ha","42.61","Fc","Calculated data"
"EF","Fertilizers indicators","5815","Low Income Food Deficit Countries","5159","Use per area of cropland","3102","Nutrient nitrogen N (total)","2001","2001","kg/ha","42.69","Fc","Calculated data"
"EF","Fertilizers indicators","5815","Low Income Food Deficit Countries","5159","Use per area of cropland","3102","Nutrient nitrogen N (total)","2002","2002","kg/ha","41.54","Fc","Calculated data"
"EF","Fertilizers indicators","5815","Low Income Food Deficit Countries","5159","Use per area of cropland","3102","Nutrient nitrogen N (total)","2003","2003","kg/ha","41.51","Fc","Calculated data"
"EF","Fertilizers indicators","5815","Low Income Food Deficit Countries","5159","Use per area of cropland","3102","Nutrient nitrogen N (total)","2004","2004","kg/ha","43.16","Fc","Calculated data"
"EF","Fertilizers indicators","5815","Low Income Food Deficit Countries","5159","Use per area of cropland","3102","Nutrient nitrogen N (total)","2005","2005","kg/ha","45.15","Fc","Calculated data"
"EF","Fertilizers indicators","5815","Low Income Food Deficit Countries","5159","Use per area of cropland","3102","Nutrient nitrogen N (total)","2006","2006","kg/ha","48.33","Fc","Calculated data"
"EF","Fertilizers indicators","5815","Low Income Food Deficit Countries","5159","Use per area of cropland","3102","Nutrient nitrogen N (total)","2007","2007","kg/ha","50.04","Fc","Calculated data"
"EF","Fertilizers indicators","5815","Low Income Food Deficit Countries","5159","Use per area of cropland","3102","Nutrient nitrogen N (total)","2008","2008","kg/ha","50.47","Fc","Calculated data"
"EF","Fertilizers indicators","5815","Low Income Food Deficit Countries","5159","Use per area of cropland","3102","Nutrient nitrogen N (total)","2009","2009","kg/ha","53.95","Fc","Calculated data"
"EF","Fertilizers indicators","5815","Low Income Food Deficit Countries","5159","Use per area of cropland","3102","Nutrient nitrogen N (total)","2010","2010","kg/ha","55.46","Fc","Calculated data"
"EF","Fertilizers indicators","5815","Low Income Food Deficit Countries","5159","Use per area of cropland","3102","Nutrient nitrogen N (total)","2011","2011","kg/ha","57.23","Fc","Calculated data"
"EF","Fertilizers indicators","5815","Low Income Food Deficit Countries","5159","Use per area of cropland","3102","Nutrient nitrogen N (total)","2012","2012","kg/ha","54.9","Fc","Calculated data"
"EF","Fertilizers indicators","5815","Low Income Food Deficit Countries","5159","Use per area of cropland","3102","Nutrient nitrogen N (total)","2013","2013","kg/ha","55.64","Fc","Calculated data"
"EF","Fertilizers indicators","5815","Low Income Food Deficit Countries","5159","Use per area of cropland","3102","Nutrient nitrogen N (total)","2014","2014","kg/ha","56.23","Fc","Calculated data"
"EF","Fertilizers indicators","5815","Low Income Food Deficit Countries","5159","Use per area of cropland","3102","Nutrient nitrogen N (total)","2015","2015","kg/ha","57.94","Fc","Calculated data"
"EF","Fertilizers indicators","5815","Low Income Food Deficit Countries","5159","Use per area of cropland","3102","Nutrient nitrogen N (total)","2016","2016","kg/ha","56.51","Fc","Calculated data"
"EF","Fertilizers indicators","5815","Low Income Food Deficit Countries","5159","Use per area of cropland","3102","Nutrient nitrogen N (total)","2017","2017","kg/ha","57.7","Fc","Calculated data"
"EF","Fertilizers indicators","5815","Low Income Food Deficit Countries","5159","Use per area of cropland","3102","Nutrient nitrogen N (total)","2018","2018","kg/ha","59.58","Fc","Calculated data"
"EF","Fertilizers indicators","5815","Low Income Food Deficit Countries","5159","Use per area of cropland","3102","Nutrient nitrogen N (total)","2019","2019","kg/ha","62.57","Fc","Calculated data"
"EF","Fertilizers indicators","5815","Low Income Food Deficit Countries","5159","Use per area of cropland","3103","Nutrient phosphate P2O5 (total)","1961","1961","kg/ha","0.63","Fc","Calculated data"
"EF","Fertilizers indicators","5815","Low Income Food Deficit Countries","5159","Use per area of cropland","3103","Nutrient phosphate P2O5 (total)","1962","1962","kg/ha","0.73","Fc","Calculated data"
"EF","Fertilizers indicators","5815","Low Income Food Deficit Countries","5159","Use per area of cropland","3103","Nutrient phosphate P2O5 (total)","1963","1963","kg/ha","0.96","Fc","Calculated data"
"EF","Fertilizers indicators","5815","Low Income Food Deficit Countries","5159","Use per area of cropland","3103","Nutrient phosphate P2O5 (total)","1964","1964","kg/ha","1.03","Fc","Calculated data"
"EF","Fertilizers indicators","5815","Low Income Food Deficit Countries","5159","Use per area of cropland","3103","Nutrient phosphate P2O5 (total)","1965","1965","kg/ha","0.98","Fc","Calculated data"
"EF","Fertilizers indicators","5815","Low Income Food Deficit Countries","5159","Use per area of cropland","3103","Nutrient phosphate P2O5 (total)","1966","1966","kg/ha","1.33","Fc","Calculated data"
"EF","Fertilizers indicators","5815","Low Income Food Deficit Countries","5159","Use per area of cropland","3103","Nutrient phosphate P2O5 (total)","1967","1967","kg/ha","1.63","Fc","Calculated data"
"EF","Fertilizers indicators","5815","Low Income Food Deficit Countries","5159","Use per area of cropland","3103","Nutrient phosphate P2O5 (total)","1968","1968","kg/ha","1.73","Fc","Calculated data"
"EF","Fertilizers indicators","5815","Low Income Food Deficit Countries","5159","Use per area of cropland","3103","Nutrient phosphate P2O5 (total)","1969","1969","kg/ha","2.06","Fc","Calculated data"
"EF","Fertilizers indicators","5815","Low Income Food Deficit Countries","5159","Use per area of cropland","3103","Nutrient phosphate P2O5 (total)","1970","1970","kg/ha","2.64","Fc","Calculated data"
"EF","Fertilizers indicators","5815","Low Income Food Deficit Countries","5159","Use per area of cropland","3103","Nutrient phosphate P2O5 (total)","1971","1971","kg/ha","2.8","Fc","Calculated data"
"EF","Fertilizers indicators","5815","Low Income Food Deficit Countries","5159","Use per area of cropland","3103","Nutrient phosphate P2O5 (total)","1972","1972","kg/ha","2.78","Fc","Calculated data"
"EF","Fertilizers indicators","5815","Low Income Food Deficit Countries","5159","Use per area of cropland","3103","Nutrient phosphate P2O5 (total)","1973","1973","kg/ha","3.06","Fc","Calculated data"
"EF","Fertilizers indicators","5815","Low Income Food Deficit Countries","5159","Use per area of cropland","3103","Nutrient phosphate P2O5 (total)","1974","1974","kg/ha","2.77","Fc","Calculated data"
"EF","Fertilizers indicators","5815","Low Income Food Deficit Countries","5159","Use per area of cropland","3103","Nutrient phosphate P2O5 (total)","1975","1975","kg/ha","2.64","Fc","Calculated data"
"EF","Fertilizers indicators","5815","Low Income Food Deficit Countries","5159","Use per area of cropland","3103","Nutrient phosphate P2O5 (total)","1976","1976","kg/ha","3.27","Fc","Calculated data"
"EF","Fertilizers indicators","5815","Low Income Food Deficit Countries","5159","Use per area of cropland","3103","Nutrient phosphate P2O5 (total)","1977","1977","kg/ha","4.42","Fc","Calculated data"
"EF","Fertilizers indicators","5815","Low Income Food Deficit Countries","5159","Use per area of cropland","3103","Nutrient phosphate P2O5 (total)","1978","1978","kg/ha","5.03","Fc","Calculated data"
"EF","Fertilizers indicators","5815","Low Income Food Deficit Countries","5159","Use per area of cropland","3103","Nutrient phosphate P2O5 (total)","1979","1979","kg/ha","5.02","Fc","Calculated data"
"EF","Fertilizers indicators","5815","Low Income Food Deficit Countries","5159","Use per area of cropland","3103","Nutrient phosphate P2O5 (total)","1980","1980","kg/ha","5.22","Fc","Calculated data"
"EF","Fertilizers indicators","5815","Low Income Food Deficit Countries","5159","Use per area of cropland","3103","Nutrient phosphate P2O5 (total)","1981","1981","kg/ha","5.65","Fc","Calculated data"
"EF","Fertilizers indicators","5815","Low Income Food Deficit Countries","5159","Use per area of cropland","3103","Nutrient phosphate P2O5 (total)","1982","1982","kg/ha","5.27","Fc","Calculated data"
"EF","Fertilizers indicators","5815","Low Income Food Deficit Countries","5159","Use per area of cropland","3103","Nutrient phosphate P2O5 (total)","1983","1983","kg/ha","6.12","Fc","Calculated data"
"EF","Fertilizers indicators","5815","Low Income Food Deficit Countries","5159","Use per area of cropland","3103","Nutrient phosphate P2O5 (total)","1984","1984","kg/ha","7.46","Fc","Calculated data"
"EF","Fertilizers indicators","5815","Low Income Food Deficit Countries","5159","Use per area of cropland","3103","Nutrient phosphate P2O5 (total)","1985","1985","kg/ha","8.36","Fc","Calculated data"
"EF","Fertilizers indicators","5815","Low Income Food Deficit Countries","5159","Use per area of cropland","3103","Nutrient phosphate P2O5 (total)","1986","1986","kg/ha","8.76","Fc","Calculated data"
"EF","Fertilizers indicators","5815","Low Income Food Deficit Countries","5159","Use per area of cropland","3103","Nutrient phosphate P2O5 (total)","1987","1987","kg/ha","7.47","Fc","Calculated data"
"EF","Fertilizers indicators","5815","Low Income Food Deficit Countries","5159","Use per area of cropland","3103","Nutrient phosphate P2O5 (total)","1988","1988","kg/ha","10.15","Fc","Calculated data"
"EF","Fertilizers indicators","5815","Low Income Food Deficit Countries","5159","Use per area of cropland","3103","Nutrient phosphate P2O5 (total)","1989","1989","kg/ha","11.41","Fc","Calculated data"
"EF","Fertilizers indicators","5815","Low Income Food Deficit Countries","5159","Use per area of cropland","3103","Nutrient phosphate P2O5 (total)","1990","1990","kg/ha","11.87","Fc","Calculated data"
"EF","Fertilizers indicators","5815","Low Income Food Deficit Countries","5159","Use per area of cropland","3103","Nutrient phosphate P2O5 (total)","1991","1991","kg/ha","12.68","Fc","Calculated data"
"EF","Fertilizers indicators","5815","Low Income Food Deficit Countries","5159","Use per area of cropland","3103","Nutrient phosphate P2O5 (total)","1992","1992","kg/ha","11.98","Fc","Calculated data"
"EF","Fertilizers indicators","5815","Low Income Food Deficit Countries","5159","Use per area of cropland","3103","Nutrient phosphate P2O5 (total)","1993","1993","kg/ha","11.28","Fc","Calculated data"
"EF","Fertilizers indicators","5815","Low Income Food Deficit Countries","5159","Use per area of cropland","3103","Nutrient phosphate P2O5 (total)","1994","1994","kg/ha","12.05","Fc","Calculated data"
"EF","Fertilizers indicators","5815","Low Income Food Deficit Countries","5159","Use per area of cropland","3103","Nutrient phosphate P2O5 (total)","1995","1995","kg/ha","11.99","Fc","Calculated data"
"EF","Fertilizers indicators","5815","Low Income Food Deficit Countries","5159","Use per area of cropland","3103","Nutrient phosphate P2O5 (total)","1996","1996","kg/ha","12.53","Fc","Calculated data"
"EF","Fertilizers indicators","5815","Low Income Food Deficit Countries","5159","Use per area of cropland","3103","Nutrient phosphate P2O5 (total)","1997","1997","kg/ha","16.25","Fc","Calculated data"
"EF","Fertilizers indicators","5815","Low Income Food Deficit Countries","5159","Use per area of cropland","3103","Nutrient phosphate P2O5 (total)","1998","1998","kg/ha","16.14","Fc","Calculated data"
"EF","Fertilizers indicators","5815","Low Income Food Deficit Countries","5159","Use per area of cropland","3103","Nutrient phosphate P2O5 (total)","1999","1999","kg/ha","18.52","Fc","Calculated data"
"EF","Fertilizers indicators","5815","Low Income Food Deficit Countries","5159","Use per area of cropland","3103","Nutrient phosphate P2O5 (total)","2000","2000","kg/ha","16.62","Fc","Calculated data"
"EF","Fertilizers indicators","5815","Low Income Food Deficit Countries","5159","Use per area of cropland","3103","Nutrient phosphate P2O5 (total)","2001","2001","kg/ha","16.85","Fc","Calculated data"
"EF","Fertilizers indicators","5815","Low Income Food Deficit Countries","5159","Use per area of cropland","3103","Nutrient phosphate P2O5 (total)","2002","2002","kg/ha","16.1","Fc","Calculated data"
"EF","Fertilizers indicators","5815","Low Income Food Deficit Countries","5159","Use per area of cropland","3103","Nutrient phosphate P2O5 (total)","2003","2003","kg/ha","15.66","Fc","Calculated data"
"EF","Fertilizers indicators","5815","Low Income Food Deficit Countries","5159","Use per area of cropland","3103","Nutrient phosphate P2O5 (total)","2004","2004","kg/ha","17.14","Fc","Calculated data"
"EF","Fertilizers indicators","5815","Low Income Food Deficit Countries","5159","Use per area of cropland","3103","Nutrient phosphate P2O5 (total)","2005","2005","kg/ha","19.14","Fc","Calculated data"
"EF","Fertilizers indicators","5815","Low Income Food Deficit Countries","5159","Use per area of cropland","3103","Nutrient phosphate P2O5 (total)","2006","2006","kg/ha","20.33","Fc","Calculated data"
"EF","Fertilizers indicators","5815","Low Income Food Deficit Countries","5159","Use per area of cropland","3103","Nutrient phosphate P2O5 (total)","2007","2007","kg/ha","20.32","Fc","Calculated data"
"EF","Fertilizers indicators","5815","Low Income Food Deficit Countries","5159","Use per area of cropland","3103","Nutrient phosphate P2O5 (total)","2008","2008","kg/ha","20.69","Fc","Calculated data"
"EF","Fertilizers indicators","5815","Low Income Food Deficit Countries","5159","Use per area of cropland","3103","Nutrient phosphate P2O5 (total)","2009","2009","kg/ha","24.78","Fc","Calculated data"
"EF","Fertilizers indicators","5815","Low Income Food Deficit Countries","5159","Use per area of cropland","3103","Nutrient phosphate P2O5 (total)","2010","2010","kg/ha","27.17","Fc","Calculated data"
"EF","Fertilizers indicators","5815","Low Income Food Deficit Countries","5159","Use per area of cropland","3103","Nutrient phosphate P2O5 (total)","2011","2011","kg/ha","27.76","Fc","Calculated data"
"EF","Fertilizers indicators","5815","Low Income Food Deficit Countries","5159","Use per area of cropland","3103","Nutrient phosphate P2O5 (total)","2012","2012","kg/ha","22.84","Fc","Calculated data"
"EF","Fertilizers indicators","5815","Low Income Food Deficit Countries","5159","Use per area of cropland","3103","Nutrient phosphate P2O5 (total)","2013","2013","kg/ha","20.38","Fc","Calculated data"
"EF","Fertilizers indicators","5815","Low Income Food Deficit Countries","5159","Use per area of cropland","3103","Nutrient phosphate P2O5 (total)","2014","2014","kg/ha","21.79","Fc","Calculated data"
"EF","Fertilizers indicators","5815","Low Income Food Deficit Countries","5159","Use per area of cropland","3103","Nutrient phosphate P2O5 (total)","2015","2015","kg/ha","23.92","Fc","Calculated data"
"EF","Fertilizers indicators","5815","Low Income Food Deficit Countries","5159","Use per area of cropland","3103","Nutrient phosphate P2O5 (total)","2016","2016","kg/ha","23.67","Fc","Calculated data"
"EF","Fertilizers indicators","5815","Low Income Food Deficit Countries","5159","Use per area of cropland","3103","Nutrient phosphate P2O5 (total)","2017","2017","kg/ha","24.27","Fc","Calculated data"
"EF","Fertilizers indicators","5815","Low Income Food Deficit Countries","5159","Use per area of cropland","3103","Nutrient phosphate P2O5 (total)","2018","2018","kg/ha","24.27","Fc","Calculated data"
"EF","Fertilizers indicators","5815","Low Income Food Deficit Countries","5159","Use per area of cropland","3103","Nutrient phosphate P2O5 (total)","2019","2019","kg/ha","25.96","Fc","Calculated data"
"EF","Fertilizers indicators","5815","Low Income Food Deficit Countries","5159","Use per area of cropland","3104","Nutrient potash K2O (total)","1961","1961","kg/ha","0.24","Fc","Calculated data"
"EF","Fertilizers indicators","5815","Low Income Food Deficit Countries","5159","Use per area of cropland","3104","Nutrient potash K2O (total)","1962","1962","kg/ha","0.28","Fc","Calculated data"
"EF","Fertilizers indicators","5815","Low Income Food Deficit Countries","5159","Use per area of cropland","3104","Nutrient potash K2O (total)","1963","1963","kg/ha","0.38","Fc","Calculated data"
"EF","Fertilizers indicators","5815","Low Income Food Deficit Countries","5159","Use per area of cropland","3104","Nutrient potash K2O (total)","1964","1964","kg/ha","0.48","Fc","Calculated data"
"EF","Fertilizers indicators","5815","Low Income Food Deficit Countries","5159","Use per area of cropland","3104","Nutrient potash K2O (total)","1965","1965","kg/ha","0.54","Fc","Calculated data"
"EF","Fertilizers indicators","5815","Low Income Food Deficit Countries","5159","Use per area of cropland","3104","Nutrient potash K2O (total)","1966","1966","kg/ha","0.73","Fc","Calculated data"
"EF","Fertilizers indicators","5815","Low Income Food Deficit Countries","5159","Use per area of cropland","3104","Nutrient potash K2O (total)","1967","1967","kg/ha","0.97","Fc","Calculated data"
"EF","Fertilizers indicators","5815","Low Income Food Deficit Countries","5159","Use per area of cropland","3104","Nutrient potash K2O (total)","1968","1968","kg/ha","0.96","Fc","Calculated data"
"EF","Fertilizers indicators","5815","Low Income Food Deficit Countries","5159","Use per area of cropland","3104","Nutrient potash K2O (total)","1969","1969","kg/ha","1.2","Fc","Calculated data"
"EF","Fertilizers indicators","5815","Low Income Food Deficit Countries","5159","Use per area of cropland","3104","Nutrient potash K2O (total)","1970","1970","kg/ha","1.37","Fc","Calculated data"
"EF","Fertilizers indicators","5815","Low Income Food Deficit Countries","5159","Use per area of cropland","3104","Nutrient potash K2O (total)","1971","1971","kg/ha","1.58","Fc","Calculated data"
"EF","Fertilizers indicators","5815","Low Income Food Deficit Countries","5159","Use per area of cropland","3104","Nutrient potash K2O (total)","1972","1972","kg/ha","1.78","Fc","Calculated data"
"EF","Fertilizers indicators","5815","Low Income Food Deficit Countries","5159","Use per area of cropland","3104","Nutrient potash K2O (total)","1973","1973","kg/ha","1.88","Fc","Calculated data"
"EF","Fertilizers indicators","5815","Low Income Food Deficit Countries","5159","Use per area of cropland","3104","Nutrient potash K2O (total)","1974","1974","kg/ha","1.76","Fc","Calculated data"
"EF","Fertilizers indicators","5815","Low Income Food Deficit Countries","5159","Use per area of cropland","3104","Nutrient potash K2O (total)","1975","1975","kg/ha","1.49","Fc","Calculated data"
"EF","Fertilizers indicators","5815","Low Income Food Deficit Countries","5159","Use per area of cropland","3104","Nutrient potash K2O (total)","1976","1976","kg/ha","1.69","Fc","Calculated data"
"EF","Fertilizers indicators","5815","Low Income Food Deficit Countries","5159","Use per area of cropland","3104","Nutrient potash K2O (total)","1977","1977","kg/ha","2.35","Fc","Calculated data"
"EF","Fertilizers indicators","5815","Low Income Food Deficit Countries","5159","Use per area of cropland","3104","Nutrient potash K2O (total)","1978","1978","kg/ha","2.49","Fc","Calculated data"
"EF","Fertilizers indicators","5815","Low Income Food Deficit Countries","5159","Use per area of cropland","3104","Nutrient potash K2O (total)","1979","1979","kg/ha","2.67","Fc","Calculated data"
"EF","Fertilizers indicators","5815","Low Income Food Deficit Countries","5159","Use per area of cropland","3104","Nutrient potash K2O (total)","1980","1980","kg/ha","2.79","Fc","Calculated data"
"EF","Fertilizers indicators","5815","Low Income Food Deficit Countries","5159","Use per area of cropland","3104","Nutrient potash K2O (total)","1981","1981","kg/ha","2.96","Fc","Calculated data"
"EF","Fertilizers indicators","5815","Low Income Food Deficit Countries","5159","Use per area of cropland","3104","Nutrient potash K2O (total)","1982","1982","kg/ha","2.78","Fc","Calculated data"
"EF","Fertilizers indicators","5815","Low Income Food Deficit Countries","5159","Use per area of cropland","3104","Nutrient potash K2O (total)","1983","1983","kg/ha","2.72","Fc","Calculated data"
"EF","Fertilizers indicators","5815","Low Income Food Deficit Countries","5159","Use per area of cropland","3104","Nutrient potash K2O (total)","1984","1984","kg/ha","3.63","Fc","Calculated data"
"EF","Fertilizers indicators","5815","Low Income Food Deficit Countries","5159","Use per area of cropland","3104","Nutrient potash K2O (total)","1985","1985","kg/ha","3.83","Fc","Calculated data"
"EF","Fertilizers indicators","5815","Low Income Food Deficit Countries","5159","Use per area of cropland","3104","Nutrient potash K2O (total)","1986","1986","kg/ha","3.93","Fc","Calculated data"
"EF","Fertilizers indicators","5815","Low Income Food Deficit Countries","5159","Use per area of cropland","3104","Nutrient potash K2O (total)","1987","1987","kg/ha","3.82","Fc","Calculated data"
"EF","Fertilizers indicators","5815","Low Income Food Deficit Countries","5159","Use per area of cropland","3104","Nutrient potash K2O (total)","1988","1988","kg/ha","4.33","Fc","Calculated data"
"EF","Fertilizers indicators","5815","Low Income Food Deficit Countries","5159","Use per area of cropland","3104","Nutrient potash K2O (total)","1989","1989","kg/ha","4.8","Fc","Calculated data"
"EF","Fertilizers indicators","5815","Low Income Food Deficit Countries","5159","Use per area of cropland","3104","Nutrient potash K2O (total)","1990","1990","kg/ha","5.52","Fc","Calculated data"
"EF","Fertilizers indicators","5815","Low Income Food Deficit Countries","5159","Use per area of cropland","3104","Nutrient potash K2O (total)","1991","1991","kg/ha","5.42","Fc","Calculated data"
"EF","Fertilizers indicators","5815","Low Income Food Deficit Countries","5159","Use per area of cropland","3104","Nutrient potash K2O (total)","1992","1992","kg/ha","3.91","Fc","Calculated data"
"EF","Fertilizers indicators","5815","Low Income Food Deficit Countries","5159","Use per area of cropland","3104","Nutrient potash K2O (total)","1993","1993","kg/ha","3.86","Fc","Calculated data"
"EF","Fertilizers indicators","5815","Low Income Food Deficit Countries","5159","Use per area of cropland","3104","Nutrient potash K2O (total)","1994","1994","kg/ha","4.73","Fc","Calculated data"
"EF","Fertilizers indicators","5815","Low Income Food Deficit Countries","5159","Use per area of cropland","3104","Nutrient potash K2O (total)","1995","1995","kg/ha","5.07","Fc","Calculated data"
"EF","Fertilizers indicators","5815","Low Income Food Deficit Countries","5159","Use per area of cropland","3104","Nutrient potash K2O (total)","1996","1996","kg/ha","4.99","Fc","Calculated data"
"EF","Fertilizers indicators","5815","Low Income Food Deficit Countries","5159","Use per area of cropland","3104","Nutrient potash K2O (total)","1997","1997","kg/ha","6.42","Fc","Calculated data"
"EF","Fertilizers indicators","5815","Low Income Food Deficit Countries","5159","Use per area of cropland","3104","Nutrient potash K2O (total)","1998","1998","kg/ha","6.64","Fc","Calculated data"
"EF","Fertilizers indicators","5815","Low Income Food Deficit Countries","5159","Use per area of cropland","3104","Nutrient potash K2O (total)","1999","1999","kg/ha","7.4","Fc","Calculated data"
"EF","Fertilizers indicators","5815","Low Income Food Deficit Countries","5159","Use per area of cropland","3104","Nutrient potash K2O (total)","2000","2000","kg/ha","6.89","Fc","Calculated data"
"EF","Fertilizers indicators","5815","Low Income Food Deficit Countries","5159","Use per area of cropland","3104","Nutrient potash K2O (total)","2001","2001","kg/ha","7.18","Fc","Calculated data"
"EF","Fertilizers indicators","5815","Low Income Food Deficit Countries","5159","Use per area of cropland","3104","Nutrient potash K2O (total)","2002","2002","kg/ha","6.77","Fc","Calculated data"
"EF","Fertilizers indicators","5815","Low Income Food Deficit Countries","5159","Use per area of cropland","3104","Nutrient potash K2O (total)","2003","2003","kg/ha","6.75","Fc","Calculated data"
"EF","Fertilizers indicators","5815","Low Income Food Deficit Countries","5159","Use per area of cropland","3104","Nutrient potash K2O (total)","2004","2004","kg/ha","8.93","Fc","Calculated data"
"EF","Fertilizers indicators","5815","Low Income Food Deficit Countries","5159","Use per area of cropland","3104","Nutrient potash K2O (total)","2005","2005","kg/ha","8.81","Fc","Calculated data"
"EF","Fertilizers indicators","5815","Low Income Food Deficit Countries","5159","Use per area of cropland","3104","Nutrient potash K2O (total)","2006","2006","kg/ha","8.94","Fc","Calculated data"
"EF","Fertilizers indicators","5815","Low Income Food Deficit Countries","5159","Use per area of cropland","3104","Nutrient potash K2O (total)","2007","2007","kg/ha","10.15","Fc","Calculated data"
"EF","Fertilizers indicators","5815","Low Income Food Deficit Countries","5159","Use per area of cropland","3104","Nutrient potash K2O (total)","2008","2008","kg/ha","11.84","Fc","Calculated data"
"EF","Fertilizers indicators","5815","Low Income Food Deficit Countries","5159","Use per area of cropland","3104","Nutrient potash K2O (total)","2009","2009","kg/ha","12.21","Fc","Calculated data"
"EF","Fertilizers indicators","5815","Low Income Food Deficit Countries","5159","Use per area of cropland","3104","Nutrient potash K2O (total)","2010","2010","kg/ha","12.24","Fc","Calculated data"
"EF","Fertilizers indicators","5815","Low Income Food Deficit Countries","5159","Use per area of cropland","3104","Nutrient potash K2O (total)","2011","2011","kg/ha","10.37","Fc","Calculated data"
"EF","Fertilizers indicators","5815","Low Income Food Deficit Countries","5159","Use per area of cropland","3104","Nutrient potash K2O (total)","2012","2012","kg/ha","8.36","Fc","Calculated data"
"EF","Fertilizers indicators","5815","Low Income Food Deficit Countries","5159","Use per area of cropland","3104","Nutrient potash K2O (total)","2013","2013","kg/ha","8.82","Fc","Calculated data"
"EF","Fertilizers indicators","5815","Low Income Food Deficit Countries","5159","Use per area of cropland","3104","Nutrient potash K2O (total)","2014","2014","kg/ha","9.82","Fc","Calculated data"
"EF","Fertilizers indicators","5815","Low Income Food Deficit Countries","5159","Use per area of cropland","3104","Nutrient potash K2O (total)","2015","2015","kg/ha","9.71","Fc","Calculated data"
"EF","Fertilizers indicators","5815","Low Income Food Deficit Countries","5159","Use per area of cropland","3104","Nutrient potash K2O (total)","2016","2016","kg/ha","10.24","Fc","Calculated data"
"EF","Fertilizers indicators","5815","Low Income Food Deficit Countries","5159","Use per area of cropland","3104","Nutrient potash K2O (total)","2017","2017","kg/ha","11.64","Fc","Calculated data"
"EF","Fertilizers indicators","5815","Low Income Food Deficit Countries","5159","Use per area of cropland","3104","Nutrient potash K2O (total)","2018","2018","kg/ha","10.96","Fc","Calculated data"
"EF","Fertilizers indicators","5815","Low Income Food Deficit Countries","5159","Use per area of cropland","3104","Nutrient potash K2O (total)","2019","2019","kg/ha","10.55","Fc","Calculated data"
"EF","Fertilizers indicators","5873","OECD","5159","Use per area of cropland","3102","Nutrient nitrogen N (total)","1961","1961","kg/ha","19.63","Fc","Calculated data"
"EF","Fertilizers indicators","5873","OECD","5159","Use per area of cropland","3102","Nutrient nitrogen N (total)","1962","1962","kg/ha","22.1","Fc","Calculated data"
"EF","Fertilizers indicators","5873","OECD","5159","Use per area of cropland","3102","Nutrient nitrogen N (total)","1963","1963","kg/ha","24.04","Fc","Calculated data"
"EF","Fertilizers indicators","5873","OECD","5159","Use per area of cropland","3102","Nutrient nitrogen N (total)","1964","1964","kg/ha","25.66","Fc","Calculated data"
"EF","Fertilizers indicators","5873","OECD","5159","Use per area of cropland","3102","Nutrient nitrogen N (total)","1965","1965","kg/ha","28.48","Fc","Calculated data"
"EF","Fertilizers indicators","5873","OECD","5159","Use per area of cropland","3102","Nutrient nitrogen N (total)","1966","1966","kg/ha","31.65","Fc","Calculated data"
"EF","Fertilizers indicators","5873","OECD","5159","Use per area of cropland","3102","Nutrient nitrogen N (total)","1967","1967","kg/ha","35.33","Fc","Calculated data"
"EF","Fertilizers indicators","5873","OECD","5159","Use per area of cropland","3102","Nutrient nitrogen N (total)","1968","1968","kg/ha","36.73","Fc","Calculated data"
"EF","Fertilizers indicators","5873","OECD","5159","Use per area of cropland","3102","Nutrient nitrogen N (total)","1969","1969","kg/ha","38","Fc","Calculated data"
"EF","Fertilizers indicators","5873","OECD","5159","Use per area of cropland","3102","Nutrient nitrogen N (total)","1970","1970","kg/ha","40.96","Fc","Calculated data"
"EF","Fertilizers indicators","5873","OECD","5159","Use per area of cropland","3102","Nutrient nitrogen N (total)","1971","1971","kg/ha","43.21","Fc","Calculated data"
"EF","Fertilizers indicators","5873","OECD","5159","Use per area of cropland","3102","Nutrient nitrogen N (total)","1972","1972","kg/ha","45.07","Fc","Calculated data"
"EF","Fertilizers indicators","5873","OECD","5159","Use per area of cropland","3102","Nutrient nitrogen N (total)","1973","1973","kg/ha","49.13","Fc","Calculated data"
"EF","Fertilizers indicators","5873","OECD","5159","Use per area of cropland","3102","Nutrient nitrogen N (total)","1974","1974","kg/ha","48.49","Fc","Calculated data"
"EF","Fertilizers indicators","5873","OECD","5159","Use per area of cropland","3102","Nutrient nitrogen N (total)","1975","1975","kg/ha","52.98","Fc","Calculated data"
"EF","Fertilizers indicators","5873","OECD","5159","Use per area of cropland","3102","Nutrient nitrogen N (total)","1976","1976","kg/ha","56.15","Fc","Calculated data"
"EF","Fertilizers indicators","5873","OECD","5159","Use per area of cropland","3102","Nutrient nitrogen N (total)","1977","1977","kg/ha","56.53","Fc","Calculated data"
"EF","Fertilizers indicators","5873","OECD","5159","Use per area of cropland","3102","Nutrient nitrogen N (total)","1978","1978","kg/ha","58.85","Fc","Calculated data"
"EF","Fertilizers indicators","5873","OECD","5159","Use per area of cropland","3102","Nutrient nitrogen N (total)","1979","1979","kg/ha","61.5","Fc","Calculated data"
"EF","Fertilizers indicators","5873","OECD","5159","Use per area of cropland","3102","Nutrient nitrogen N (total)","1980","1980","kg/ha","62.64","Fc","Calculated data"
"EF","Fertilizers indicators","5873","OECD","5159","Use per area of cropland","3102","Nutrient nitrogen N (total)","1981","1981","kg/ha","61.63","Fc","Calculated data"
"EF","Fertilizers indicators","5873","OECD","5159","Use per area of cropland","3102","Nutrient nitrogen N (total)","1982","1982","kg/ha","59.73","Fc","Calculated data"
"EF","Fertilizers indicators","5873","OECD","5159","Use per area of cropland","3102","Nutrient nitrogen N (total)","1983","1983","kg/ha","62.82","Fc","Calculated data"
"EF","Fertilizers indicators","5873","OECD","5159","Use per area of cropland","3102","Nutrient nitrogen N (total)","1984","1984","kg/ha","65.08","Fc","Calculated data"
"EF","Fertilizers indicators","5873","OECD","5159","Use per area of cropland","3102","Nutrient nitrogen N (total)","1985","1985","kg/ha","64.5","Fc","Calculated data"
"EF","Fertilizers indicators","5873","OECD","5159","Use per area of cropland","3102","Nutrient nitrogen N (total)","1986","1986","kg/ha","64.49","Fc","Calculated data"
"EF","Fertilizers indicators","5873","OECD","5159","Use per area of cropland","3102","Nutrient nitrogen N (total)","1987","1987","kg/ha","65.64","Fc","Calculated data"
"EF","Fertilizers indicators","5873","OECD","5159","Use per area of cropland","3102","Nutrient nitrogen N (total)","1988","1988","kg/ha","66.33","Fc","Calculated data"
"EF","Fertilizers indicators","5873","OECD","5159","Use per area of cropland","3102","Nutrient nitrogen N (total)","1989","1989","kg/ha","66.82","Fc","Calculated data"
"EF","Fertilizers indicators","5873","OECD","5159","Use per area of cropland","3102","Nutrient nitrogen N (total)","1990","1990","kg/ha","63.49","Fc","Calculated data"
"EF","Fertilizers indicators","5873","OECD","5159","Use per area of cropland","3102","Nutrient nitrogen N (total)","1991","1991","kg/ha","62.11","Fc","Calculated data"
"EF","Fertilizers indicators","5873","OECD","5159","Use per area of cropland","3102","Nutrient nitrogen N (total)","1992","1992","kg/ha","61.37","Fc","Calculated data"
"EF","Fertilizers indicators","5873","OECD","5159","Use per area of cropland","3102","Nutrient nitrogen N (total)","1993","1993","kg/ha","64.35","Fc","Calculated data"
"EF","Fertilizers indicators","5873","OECD","5159","Use per area of cropland","3102","Nutrient nitrogen N (total)","1994","1994","kg/ha","64.66","Fc","Calculated data"
"EF","Fertilizers indicators","5873","OECD","5159","Use per area of cropland","3102","Nutrient nitrogen N (total)","1995","1995","kg/ha","65.37","Fc","Calculated data"
"EF","Fertilizers indicators","5873","OECD","5159","Use per area of cropland","3102","Nutrient nitrogen N (total)","1996","1996","kg/ha","68.68","Fc","Calculated data"
"EF","Fertilizers indicators","5873","OECD","5159","Use per area of cropland","3102","Nutrient nitrogen N (total)","1997","1997","kg/ha","68.17","Fc","Calculated data"
"EF","Fertilizers indicators","5873","OECD","5159","Use per area of cropland","3102","Nutrient nitrogen N (total)","1998","1998","kg/ha","69.33","Fc","Calculated data"
"EF","Fertilizers indicators","5873","OECD","5159","Use per area of cropland","3102","Nutrient nitrogen N (total)","1999","1999","kg/ha","70.16","Fc","Calculated data"
"EF","Fertilizers indicators","5873","OECD","5159","Use per area of cropland","3102","Nutrient nitrogen N (total)","2000","2000","kg/ha","66.36","Fc","Calculated data"
"EF","Fertilizers indicators","5873","OECD","5159","Use per area of cropland","3102","Nutrient nitrogen N (total)","2001","2001","kg/ha","66.08","Fc","Calculated data"
"EF","Fertilizers indicators","5873","OECD","5159","Use per area of cropland","3102","Nutrient nitrogen N (total)","2002","2002","kg/ha","66.04","Fc","Calculated data"
"EF","Fertilizers indicators","5873","OECD","5159","Use per area of cropland","3102","Nutrient nitrogen N (total)","2003","2003","kg/ha","70.07","Fc","Calculated data"
"EF","Fertilizers indicators","5873","OECD","5159","Use per area of cropland","3102","Nutrient nitrogen N (total)","2004","2004","kg/ha","68.19","Fc","Calculated data"
"EF","Fertilizers indicators","5873","OECD","5159","Use per area of cropland","3102","Nutrient nitrogen N (total)","2005","2005","kg/ha","68.04","Fc","Calculated data"
"EF","Fertilizers indicators","5873","OECD","5159","Use per area of cropland","3102","Nutrient nitrogen N (total)","2006","2006","kg/ha","69.48","Fc","Calculated data"
"EF","Fertilizers indicators","5873","OECD","5159","Use per area of cropland","3102","Nutrient nitrogen N (total)","2007","2007","kg/ha","72.54","Fc","Calculated data"
"EF","Fertilizers indicators","5873","OECD","5159","Use per area of cropland","3102","Nutrient nitrogen N (total)","2008","2008","kg/ha","66.24","Fc","Calculated data"
"EF","Fertilizers indicators","5873","OECD","5159","Use per area of cropland","3102","Nutrient nitrogen N (total)","2009","2009","kg/ha","67.12","Fc","Calculated data"
"EF","Fertilizers indicators","5873","OECD","5159","Use per area of cropland","3102","Nutrient nitrogen N (total)","2010","2010","kg/ha","71.88","Fc","Calculated data"
"EF","Fertilizers indicators","5873","OECD","5159","Use per area of cropland","3102","Nutrient nitrogen N (total)","2011","2011","kg/ha","73.22","Fc","Calculated data"
"EF","Fertilizers indicators","5873","OECD","5159","Use per area of cropland","3102","Nutrient nitrogen N (total)","2012","2012","kg/ha","75.98","Fc","Calculated data"
"EF","Fertilizers indicators","5873","OECD","5159","Use per area of cropland","3102","Nutrient nitrogen N (total)","2013","2013","kg/ha","76.85","Fc","Calculated data"
"EF","Fertilizers indicators","5873","OECD","5159","Use per area of cropland","3102","Nutrient nitrogen N (total)","2014","2014","kg/ha","75.23","Fc","Calculated data"
"EF","Fertilizers indicators","5873","OECD","5159","Use per area of cropland","3102","Nutrient nitrogen N (total)","2015","2015","kg/ha","75.45","Fc","Calculated data"
"EF","Fertilizers indicators","5873","OECD","5159","Use per area of cropland","3102","Nutrient nitrogen N (total)","2016","2016","kg/ha","77.65","Fc","Calculated data"
"EF","Fertilizers indicators","5873","OECD","5159","Use per area of cropland","3102","Nutrient nitrogen N (total)","2017","2017","kg/ha","77.11","Fc","Calculated data"
"EF","Fertilizers indicators","5873","OECD","5159","Use per area of cropland","3102","Nutrient nitrogen N (total)","2018","2018","kg/ha","75.86","Fc","Calculated data"
"EF","Fertilizers indicators","5873","OECD","5159","Use per area of cropland","3102","Nutrient nitrogen N (total)","2019","2019","kg/ha","75.63","Fc","Calculated data"
"EF","Fertilizers indicators","5873","OECD","5159","Use per area of cropland","3103","Nutrient phosphate P2O5 (total)","1961","1961","kg/ha","19.4","Fc","Calculated data"
"EF","Fertilizers indicators","5873","OECD","5159","Use per area of cropland","3103","Nutrient phosphate P2O5 (total)","1962","1962","kg/ha","20.47","Fc","Calculated data"
"EF","Fertilizers indicators","5873","OECD","5159","Use per area of cropland","3103","Nutrient phosphate P2O5 (total)","1963","1963","kg/ha","22.24","Fc","Calculated data"
"EF","Fertilizers indicators","5873","OECD","5159","Use per area of cropland","3103","Nutrient phosphate P2O5 (total)","1964","1964","kg/ha","24.21","Fc","Calculated data"
"EF","Fertilizers indicators","5873","OECD","5159","Use per area of cropland","3103","Nutrient phosphate P2O5 (total)","1965","1965","kg/ha","25.59","Fc","Calculated data"
"EF","Fertilizers indicators","5873","OECD","5159","Use per area of cropland","3103","Nutrient phosphate P2O5 (total)","1966","1966","kg/ha","27.42","Fc","Calculated data"
"EF","Fertilizers indicators","5873","OECD","5159","Use per area of cropland","3103","Nutrient phosphate P2O5 (total)","1967","1967","kg/ha","29.05","Fc","Calculated data"
"EF","Fertilizers indicators","5873","OECD","5159","Use per area of cropland","3103","Nutrient phosphate P2O5 (total)","1968","1968","kg/ha","29.57","Fc","Calculated data"
"EF","Fertilizers indicators","5873","OECD","5159","Use per area of cropland","3103","Nutrient phosphate P2O5 (total)","1969","1969","kg/ha","29.87","Fc","Calculated data"
"EF","Fertilizers indicators","5873","OECD","5159","Use per area of cropland","3103","Nutrient phosphate P2O5 (total)","1970","1970","kg/ha","30.88","Fc","Calculated data"
"EF","Fertilizers indicators","5873","OECD","5159","Use per area of cropland","3103","Nutrient phosphate P2O5 (total)","1971","1971","kg/ha","32.75","Fc","Calculated data"
"EF","Fertilizers indicators","5873","OECD","5159","Use per area of cropland","3103","Nutrient phosphate P2O5 (total)","1972","1972","kg/ha","34.56","Fc","Calculated data"
"EF","Fertilizers indicators","5873","OECD","5159","Use per area of cropland","3103","Nutrient phosphate P2O5 (total)","1973","1973","kg/ha","36.81","Fc","Calculated data"
"EF","Fertilizers indicators","5873","OECD","5159","Use per area of cropland","3103","Nutrient phosphate P2O5 (total)","1974","1974","kg/ha","32.45","Fc","Calculated data"
"EF","Fertilizers indicators","5873","OECD","5159","Use per area of cropland","3103","Nutrient phosphate P2O5 (total)","1975","1975","kg/ha","33.02","Fc","Calculated data"
"EF","Fertilizers indicators","5873","OECD","5159","Use per area of cropland","3103","Nutrient phosphate P2O5 (total)","1976","1976","kg/ha","35.72","Fc","Calculated data"
"EF","Fertilizers indicators","5873","OECD","5159","Use per area of cropland","3103","Nutrient phosphate P2O5 (total)","1977","1977","kg/ha","36.08","Fc","Calculated data"
"EF","Fertilizers indicators","5873","OECD","5159","Use per area of cropland","3103","Nutrient phosphate P2O5 (total)","1978","1978","kg/ha","37.76","Fc","Calculated data"
"EF","Fertilizers indicators","5873","OECD","5159","Use per area of cropland","3103","Nutrient phosphate P2O5 (total)","1979","1979","kg/ha","38.06","Fc","Calculated data"
"EF","Fertilizers indicators","5873","OECD","5159","Use per area of cropland","3103","Nutrient phosphate P2O5 (total)","1980","1980","kg/ha","35.9","Fc","Calculated data"
"EF","Fertilizers indicators","5873","OECD","5159","Use per area of cropland","3103","Nutrient phosphate P2O5 (total)","1981","1981","kg/ha","33.9","Fc","Calculated data"
"EF","Fertilizers indicators","5873","OECD","5159","Use per area of cropland","3103","Nutrient phosphate P2O5 (total)","1982","1982","kg/ha","32.57","Fc","Calculated data"
"EF","Fertilizers indicators","5873","OECD","5159","Use per area of cropland","3103","Nutrient phosphate P2O5 (total)","1983","1983","kg/ha","33.76","Fc","Calculated data"
"EF","Fertilizers indicators","5873","OECD","5159","Use per area of cropland","3103","Nutrient phosphate P2O5 (total)","1984","1984","kg/ha","33.7","Fc","Calculated data"
"EF","Fertilizers indicators","5873","OECD","5159","Use per area of cropland","3103","Nutrient phosphate P2O5 (total)","1985","1985","kg/ha","31.98","Fc","Calculated data"
"EF","Fertilizers indicators","5873","OECD","5159","Use per area of cropland","3103","Nutrient phosphate P2O5 (total)","1986","1986","kg/ha","31.52","Fc","Calculated data"
"EF","Fertilizers indicators","5873","OECD","5159","Use per area of cropland","3103","Nutrient phosphate P2O5 (total)","1987","1987","kg/ha","32.11","Fc","Calculated data"
"EF","Fertilizers indicators","5873","OECD","5159","Use per area of cropland","3103","Nutrient phosphate P2O5 (total)","1988","1988","kg/ha","31.85","Fc","Calculated data"
"EF","Fertilizers indicators","5873","OECD","5159","Use per area of cropland","3103","Nutrient phosphate P2O5 (total)","1989","1989","kg/ha","32.02","Fc","Calculated data"
"EF","Fertilizers indicators","5873","OECD","5159","Use per area of cropland","3103","Nutrient phosphate P2O5 (total)","1990","1990","kg/ha","28.28","Fc","Calculated data"
"EF","Fertilizers indicators","5873","OECD","5159","Use per area of cropland","3103","Nutrient phosphate P2O5 (total)","1991","1991","kg/ha","27.08","Fc","Calculated data"
"EF","Fertilizers indicators","5873","OECD","5159","Use per area of cropland","3103","Nutrient phosphate P2O5 (total)","1992","1992","kg/ha","27.02","Fc","Calculated data"
"EF","Fertilizers indicators","5873","OECD","5159","Use per area of cropland","3103","Nutrient phosphate P2O5 (total)","1993","1993","kg/ha","27.46","Fc","Calculated data"
"EF","Fertilizers indicators","5873","OECD","5159","Use per area of cropland","3103","Nutrient phosphate P2O5 (total)","1994","1994","kg/ha","27.28","Fc","Calculated data"
"EF","Fertilizers indicators","5873","OECD","5159","Use per area of cropland","3103","Nutrient phosphate P2O5 (total)","1995","1995","kg/ha","27.36","Fc","Calculated data"
"EF","Fertilizers indicators","5873","OECD","5159","Use per area of cropland","3103","Nutrient phosphate P2O5 (total)","1996","1996","kg/ha","28.36","Fc","Calculated data"
"EF","Fertilizers indicators","5873","OECD","5159","Use per area of cropland","3103","Nutrient phosphate P2O5 (total)","1997","1997","kg/ha","28.3","Fc","Calculated data"
"EF","Fertilizers indicators","5873","OECD","5159","Use per area of cropland","3103","Nutrient phosphate P2O5 (total)","1998","1998","kg/ha","27.75","Fc","Calculated data"
"EF","Fertilizers indicators","5873","OECD","5159","Use per area of cropland","3103","Nutrient phosphate P2O5 (total)","1999","1999","kg/ha","27.12","Fc","Calculated data"
"EF","Fertilizers indicators","5873","OECD","5159","Use per area of cropland","3103","Nutrient phosphate P2O5 (total)","2000","2000","kg/ha","26.14","Fc","Calculated data"
"EF","Fertilizers indicators","5873","OECD","5159","Use per area of cropland","3103","Nutrient phosphate P2O5 (total)","2001","2001","kg/ha","26","Fc","Calculated data"
"EF","Fertilizers indicators","5873","OECD","5159","Use per area of cropland","3103","Nutrient phosphate P2O5 (total)","2002","2002","kg/ha","26.01","Fc","Calculated data"
"EF","Fertilizers indicators","5873","OECD","5159","Use per area of cropland","3103","Nutrient phosphate P2O5 (total)","2003","2003","kg/ha","27.79","Fc","Calculated data"
"EF","Fertilizers indicators","5873","OECD","5159","Use per area of cropland","3103","Nutrient phosphate P2O5 (total)","2004","2004","kg/ha","27.61","Fc","Calculated data"
"EF","Fertilizers indicators","5873","OECD","5159","Use per area of cropland","3103","Nutrient phosphate P2O5 (total)","2005","2005","kg/ha","26.65","Fc","Calculated data"
"EF","Fertilizers indicators","5873","OECD","5159","Use per area of cropland","3103","Nutrient phosphate P2O5 (total)","2006","2006","kg/ha","26.03","Fc","Calculated data"
"EF","Fertilizers indicators","5873","OECD","5159","Use per area of cropland","3103","Nutrient phosphate P2O5 (total)","2007","2007","kg/ha","26.66","Fc","Calculated data"
"EF","Fertilizers indicators","5873","OECD","5159","Use per area of cropland","3103","Nutrient phosphate P2O5 (total)","2008","2008","kg/ha","19.13","Fc","Calculated data"
"EF","Fertilizers indicators","5873","OECD","5159","Use per area of cropland","3103","Nutrient phosphate P2O5 (total)","2009","2009","kg/ha","20.41","Fc","Calculated data"
"EF","Fertilizers indicators","5873","OECD","5159","Use per area of cropland","3103","Nutrient phosphate P2O5 (total)","2010","2010","kg/ha","24.01","Fc","Calculated data"
"EF","Fertilizers indicators","5873","OECD","5159","Use per area of cropland","3103","Nutrient phosphate P2O5 (total)","2011","2011","kg/ha","23.88","Fc","Calculated data"
"EF","Fertilizers indicators","5873","OECD","5159","Use per area of cropland","3103","Nutrient phosphate P2O5 (total)","2012","2012","kg/ha","25.41","Fc","Calculated data"
"EF","Fertilizers indicators","5873","OECD","5159","Use per area of cropland","3103","Nutrient phosphate P2O5 (total)","2013","2013","kg/ha","25.33","Fc","Calculated data"
"EF","Fertilizers indicators","5873","OECD","5159","Use per area of cropland","3103","Nutrient phosphate P2O5 (total)","2014","2014","kg/ha","24.76","Fc","Calculated data"
"EF","Fertilizers indicators","5873","OECD","5159","Use per area of cropland","3103","Nutrient phosphate P2O5 (total)","2015","2015","kg/ha","25.43","Fc","Calculated data"
"EF","Fertilizers indicators","5873","OECD","5159","Use per area of cropland","3103","Nutrient phosphate P2O5 (total)","2016","2016","kg/ha","25.89","Fc","Calculated data"
"EF","Fertilizers indicators","5873","OECD","5159","Use per area of cropland","3103","Nutrient phosphate P2O5 (total)","2017","2017","kg/ha","26.95","Fc","Calculated data"
"EF","Fertilizers indicators","5873","OECD","5159","Use per area of cropland","3103","Nutrient phosphate P2O5 (total)","2018","2018","kg/ha","26.75","Fc","Calculated data"
"EF","Fertilizers indicators","5873","OECD","5159","Use per area of cropland","3103","Nutrient phosphate P2O5 (total)","2019","2019","kg/ha","26.58","Fc","Calculated data"
"EF","Fertilizers indicators","5873","OECD","5159","Use per area of cropland","3104","Nutrient potash K2O (total)","1961","1961","kg/ha","16.96","Fc","Calculated data"
"EF","Fertilizers indicators","5873","OECD","5159","Use per area of cropland","3104","Nutrient potash K2O (total)","1962","1962","kg/ha","18.01","Fc","Calculated data"
"EF","Fertilizers indicators","5873","OECD","5159","Use per area of cropland","3104","Nutrient potash K2O (total)","1963","1963","kg/ha","18.98","Fc","Calculated data"
"EF","Fertilizers indicators","5873","OECD","5159","Use per area of cropland","3104","Nutrient potash K2O (total)","1964","1964","kg/ha","19.74","Fc","Calculated data"
"EF","Fertilizers indicators","5873","OECD","5159","Use per area of cropland","3104","Nutrient potash K2O (total)","1965","1965","kg/ha","20.95","Fc","Calculated data"
"EF","Fertilizers indicators","5873","OECD","5159","Use per area of cropland","3104","Nutrient potash K2O (total)","1966","1966","kg/ha","22.16","Fc","Calculated data"
"EF","Fertilizers indicators","5873","OECD","5159","Use per area of cropland","3104","Nutrient potash K2O (total)","1967","1967","kg/ha","24.33","Fc","Calculated data"
"EF","Fertilizers indicators","5873","OECD","5159","Use per area of cropland","3104","Nutrient potash K2O (total)","1968","1968","kg/ha","24.41","Fc","Calculated data"
"EF","Fertilizers indicators","5873","OECD","5159","Use per area of cropland","3104","Nutrient potash K2O (total)","1969","1969","kg/ha","25.09","Fc","Calculated data"
"EF","Fertilizers indicators","5873","OECD","5159","Use per area of cropland","3104","Nutrient potash K2O (total)","1970","1970","kg/ha","26.9","Fc","Calculated data"
"EF","Fertilizers indicators","5873","OECD","5159","Use per area of cropland","3104","Nutrient potash K2O (total)","1971","1971","kg/ha","28.52","Fc","Calculated data"
"EF","Fertilizers indicators","5873","OECD","5159","Use per area of cropland","3104","Nutrient potash K2O (total)","1972","1972","kg/ha","29.21","Fc","Calculated data"
"EF","Fertilizers indicators","5873","OECD","5159","Use per area of cropland","3104","Nutrient potash K2O (total)","1973","1973","kg/ha","31.97","Fc","Calculated data"
"EF","Fertilizers indicators","5873","OECD","5159","Use per area of cropland","3104","Nutrient potash K2O (total)","1974","1974","kg/ha","30.18","Fc","Calculated data"
"EF","Fertilizers indicators","5873","OECD","5159","Use per area of cropland","3104","Nutrient potash K2O (total)","1975","1975","kg/ha","30.53","Fc","Calculated data"
"EF","Fertilizers indicators","5873","OECD","5159","Use per area of cropland","3104","Nutrient potash K2O (total)","1976","1976","kg/ha","32.62","Fc","Calculated data"
"EF","Fertilizers indicators","5873","OECD","5159","Use per area of cropland","3104","Nutrient potash K2O (total)","1977","1977","kg/ha","32.68","Fc","Calculated data"
"EF","Fertilizers indicators","5873","OECD","5159","Use per area of cropland","3104","Nutrient potash K2O (total)","1978","1978","kg/ha","33.9","Fc","Calculated data"
"EF","Fertilizers indicators","5873","OECD","5159","Use per area of cropland","3104","Nutrient potash K2O (total)","1979","1979","kg/ha","35.26","Fc","Calculated data"
"EF","Fertilizers indicators","5873","OECD","5159","Use per area of cropland","3104","Nutrient potash K2O (total)","1980","1980","kg/ha","33.71","Fc","Calculated data"
"EF","Fertilizers indicators","5873","OECD","5159","Use per area of cropland","3104","Nutrient potash K2O (total)","1981","1981","kg/ha","32.97","Fc","Calculated data"
"EF","Fertilizers indicators","5873","OECD","5159","Use per area of cropland","3104","Nutrient potash K2O (total)","1982","1982","kg/ha","31.06","Fc","Calculated data"
"EF","Fertilizers indicators","5873","OECD","5159","Use per area of cropland","3104","Nutrient potash K2O (total)","1983","1983","kg/ha","32.35","Fc","Calculated data"
"EF","Fertilizers indicators","5873","OECD","5159","Use per area of cropland","3104","Nutrient potash K2O (total)","1984","1984","kg/ha","32.71","Fc","Calculated data"
"EF","Fertilizers indicators","5873","OECD","5159","Use per area of cropland","3104","Nutrient potash K2O (total)","1985","1985","kg/ha","31.64","Fc","Calculated data"
"EF","Fertilizers indicators","5873","OECD","5159","Use per area of cropland","3104","Nutrient potash K2O (total)","1986","1986","kg/ha","31.35","Fc","Calculated data"
"EF","Fertilizers indicators","5873","OECD","5159","Use per area of cropland","3104","Nutrient potash K2O (total)","1987","1987","kg/ha","31.07","Fc","Calculated data"
"EF","Fertilizers indicators","5873","OECD","5159","Use per area of cropland","3104","Nutrient potash K2O (total)","1988","1988","kg/ha","31.29","Fc","Calculated data"
"EF","Fertilizers indicators","5873","OECD","5159","Use per area of cropland","3104","Nutrient potash K2O (total)","1989","1989","kg/ha","30.68","Fc","Calculated data"
"EF","Fertilizers indicators","5873","OECD","5159","Use per area of cropland","3104","Nutrient potash K2O (total)","1990","1990","kg/ha","28.07","Fc","Calculated data"
"EF","Fertilizers indicators","5873","OECD","5159","Use per area of cropland","3104","Nutrient potash K2O (total)","1991","1991","kg/ha","25.73","Fc","Calculated data"
"EF","Fertilizers indicators","5873","OECD","5159","Use per area of cropland","3104","Nutrient potash K2O (total)","1992","1992","kg/ha","25.02","Fc","Calculated data"
"EF","Fertilizers indicators","5873","OECD","5159","Use per area of cropland","3104","Nutrient potash K2O (total)","1993","1993","kg/ha","25.41","Fc","Calculated data"
"EF","Fertilizers indicators","5873","OECD","5159","Use per area of cropland","3104","Nutrient potash K2O (total)","1994","1994","kg/ha","25.7","Fc","Calculated data"
"EF","Fertilizers indicators","5873","OECD","5159","Use per area of cropland","3104","Nutrient potash K2O (total)","1995","1995","kg/ha","26.2","Fc","Calculated data"
"EF","Fertilizers indicators","5873","OECD","5159","Use per area of cropland","3104","Nutrient potash K2O (total)","1996","1996","kg/ha","26.63","Fc","Calculated data"
"EF","Fertilizers indicators","5873","OECD","5159","Use per area of cropland","3104","Nutrient potash K2O (total)","1997","1997","kg/ha","26.91","Fc","Calculated data"
"EF","Fertilizers indicators","5873","OECD","5159","Use per area of cropland","3104","Nutrient potash K2O (total)","1998","1998","kg/ha","25.74","Fc","Calculated data"
"EF","Fertilizers indicators","5873","OECD","5159","Use per area of cropland","3104","Nutrient potash K2O (total)","1999","1999","kg/ha","24.75","Fc","Calculated data"
"EF","Fertilizers indicators","5873","OECD","5159","Use per area of cropland","3104","Nutrient potash K2O (total)","2000","2000","kg/ha","23.75","Fc","Calculated data"
"EF","Fertilizers indicators","5873","OECD","5159","Use per area of cropland","3104","Nutrient potash K2O (total)","2001","2001","kg/ha","23.28","Fc","Calculated data"
"EF","Fertilizers indicators","5873","OECD","5159","Use per area of cropland","3104","Nutrient potash K2O (total)","2002","2002","kg/ha","23.3","Fc","Calculated data"
"EF","Fertilizers indicators","5873","OECD","5159","Use per area of cropland","3104","Nutrient potash K2O (total)","2003","2003","kg/ha","25.11","Fc","Calculated data"
"EF","Fertilizers indicators","5873","OECD","5159","Use per area of cropland","3104","Nutrient potash K2O (total)","2004","2004","kg/ha","24.69","Fc","Calculated data"
"EF","Fertilizers indicators","5873","OECD","5159","Use per area of cropland","3104","Nutrient potash K2O (total)","2005","2005","kg/ha","22.92","Fc","Calculated data"
"EF","Fertilizers indicators","5873","OECD","5159","Use per area of cropland","3104","Nutrient potash K2O (total)","2006","2006","kg/ha","23.37","Fc","Calculated data"
"EF","Fertilizers indicators","5873","OECD","5159","Use per area of cropland","3104","Nutrient potash K2O (total)","2007","2007","kg/ha","24.06","Fc","Calculated data"
"EF","Fertilizers indicators","5873","OECD","5159","Use per area of cropland","3104","Nutrient potash K2O (total)","2008","2008","kg/ha","16.66","Fc","Calculated data"
"EF","Fertilizers indicators","5873","OECD","5159","Use per area of cropland","3104","Nutrient potash K2O (total)","2009","2009","kg/ha","17.56","Fc","Calculated data"
"EF","Fertilizers indicators","5873","OECD","5159","Use per area of cropland","3104","Nutrient potash K2O (total)","2010","2010","kg/ha","20.92","Fc","Calculated data"
"EF","Fertilizers indicators","5873","OECD","5159","Use per area of cropland","3104","Nutrient potash K2O (total)","2011","2011","kg/ha","20.51","Fc","Calculated data"
"EF","Fertilizers indicators","5873","OECD","5159","Use per area of cropland","3104","Nutrient potash K2O (total)","2012","2012","kg/ha","21.61","Fc","Calculated data"
"EF","Fertilizers indicators","5873","OECD","5159","Use per area of cropland","3104","Nutrient potash K2O (total)","2013","2013","kg/ha","23.09","Fc","Calculated data"
"EF","Fertilizers indicators","5873","OECD","5159","Use per area of cropland","3104","Nutrient potash K2O (total)","2014","2014","kg/ha","22.1","Fc","Calculated data"
"EF","Fertilizers indicators","5873","OECD","5159","Use per area of cropland","3104","Nutrient potash K2O (total)","2015","2015","kg/ha","22.39","Fc","Calculated data"
"EF","Fertilizers indicators","5873","OECD","5159","Use per area of cropland","3104","Nutrient potash K2O (total)","2016","2016","kg/ha","22.72","Fc","Calculated data"
"EF","Fertilizers indicators","5873","OECD","5159","Use per area of cropland","3104","Nutrient potash K2O (total)","2017","2017","kg/ha","23.55","Fc","Calculated data"
"EF","Fertilizers indicators","5873","OECD","5159","Use per area of cropland","3104","Nutrient potash K2O (total)","2018","2018","kg/ha","23.35","Fc","Calculated data"
"EF","Fertilizers indicators","5873","OECD","5159","Use per area of cropland","3104","Nutrient potash K2O (total)","2019","2019","kg/ha","22.87","Fc","Calculated data"
